10.200.1.19:27218,10.200.1.20:27218,10.200.1.21:27218,RSPiggIsland007
10.200.1.25:27218,10.200.1.26:27218,10.200.1.27:27218,RSPiggIsland009
10.200.1.28:27218,10.200.1.29:27218,10.200.1.30:27218,RSPiggIsland010
10.200.1.31:27218,10.200.1.32:27218,10.200.1.33:27218,RSPiggIsland011
10.200.1.34:27218,10.200.1.35:27218,10.200.1.36:27218,RSPiggIsland012
10.200.1.37:27218,10.200.1.38:27218,10.200.1.39:27218,RSPiggIsland013
10.200.1.40:27218,10.200.1.41:27218,10.200.1.42:27218,RSPiggIsland014
10.200.1.43:27218,10.200.1.44:27218,10.200.1.45:27218,RSPiggIsland015
10.200.1.46:27218,10.200.1.47:27218,10.200.1.48:27218,RSPiggIsland016
10.200.1.52:27218,10.200.1.53:27218,10.200.1.54:27218,RSPiggIsland018
10.200.1.55:27218,10.200.1.56:27218,10.200.1.57:27218,RSPiggIsland019
10.200.1.58:27218,10.200.1.59:27218,10.200.1.60:27218,RSPiggIsland020
10.200.1.61:27218,10.200.1.62:27218,10.200.1.63:27218,RSPiggIsland021
10.200.1.64:27218,10.200.1.65:27218,10.200.1.66:27218,RSPiggIsland022
10.200.1.67:27218,10.200.1.68:27218,10.200.1.69:27218,RSPiggIsland023
10.200.1.70:27218,10.200.1.71:27218,10.200.1.72:27218,RSPiggIsland024
